model,component_count,components
grafana-agent,1,"PodLogs"
grafana-agent,1,"PodLogs"
loki-simple-scalable,9,"PrometheusRule,ServiceMonitor,PodMonitor,Probe,GrafanaAgent,Integration,LogsInstance,MetricsInstance,PodLogs"
loki-simple-scalable,9,"PrometheusRule,ServiceMonitor,PodMonitor,Probe,GrafanaAgent,Integration,LogsInstance,MetricsInstance,PodLogs"
kube-prometheus-stack,6,"AlertmanagerConfig,Alertmanager,PrometheusAgent,Prometheus,ScrapeConfig,ThanosRuler"
kube-prometheus-stack,6,"AlertmanagerConfig,Alertmanager,PrometheusAgent,Prometheus,ScrapeConfig,ThanosRuler"
knative-serving,12,"Certificate,Configuration,ClusterDomainClaim,DomainMapping,Ingress,Metric,PodAutoscaler,Revision,Route,ServerlessService,Service,Image"
knative-serving,12,"Certificate,Configuration,ClusterDomainClaim,DomainMapping,Ingress,Metric,PodAutoscaler,Revision,Route,ServerlessService,Service,Image"
spaceengineers,20,"Backup,Cluster,Pooler,ScheduledBackup,IngressRoute,IngressRouteTCP,IngressRouteUDP,AddressPool,BFDProfile,BGPAdvertisement,BGPPeer,IPAddressPool,L2Advertisement,Community,Middleware,MiddlewareTCP,ServersTransport,TLSOption,TLSStore,TraefikService"
spaceengineers,20,"Backup,Cluster,Pooler,ScheduledBackup,IngressRoute,IngressRouteTCP,IngressRouteUDP,AddressPool,BFDProfile,BGPAdvertisement,BGPPeer,IPAddressPool,L2Advertisement,Community,Middleware,MiddlewareTCP,ServersTransport,TLSOption,TLSStore,TraefikService"
stash-grafana-dashboards,1,"GrafanaDashboard"
stash-grafana-dashboards,1,"GrafanaDashboard"
stash-opscenter,1,"MetricsConfiguration"
stash-opscenter,1,"MetricsConfiguration"
scrutiny,15,"ClusterIssuer,Challenge,CertificateRequest,Issuer,Certificate,Order,IngressRoute,IngressRouteTCP,IngressRouteUDP,Middleware,MiddlewareTCP,ServersTransport,TLSOption,TLSStore,TraefikService"
scrutiny,15,"ClusterIssuer,Challenge,CertificateRequest,Issuer,Certificate,Order,IngressRoute,IngressRouteTCP,IngressRouteUDP,Middleware,MiddlewareTCP,ServersTransport,TLSOption,TLSStore,TraefikService"
cockroachdb-operator,1,"CrdbCluster"
cockroachdb-operator,1,"CrdbCluster"
keycloak-operator,2,"KeycloakRealmImport,Keycloak"
keycloak-operator,2,"KeycloakRealmImport,Keycloak"
supervisor,4,"ApprovalPolicy,ClusterMaintenanceWindow,MaintenanceWindow,Recommendation"
supervisor,4,"ApprovalPolicy,ClusterMaintenanceWindow,MaintenanceWindow,Recommendation"
admin-console-operator,1,"AdminConsole"
admin-console-operator,1,"AdminConsole"
echoperator,2,"Echo,ScheduledEcho"
echoperator,2,"Echo,ScheduledEcho"
lightrun-k8s-operator,1,"LightrunJavaAgent"
lightrun-k8s-operator,1,"LightrunJavaAgent"
sops-secrets-operator,1,"SopsSecret"
sops-secrets-operator,1,"SopsSecret"
scribe,2,"ReplicationDestination,ReplicationSource"
scribe,2,"ReplicationDestination,ReplicationSource"
postgres-operator,3,"OperatorConfiguration,postgresql,PostgresTeam"
postgres-operator,3,"OperatorConfiguration,postgresql,PostgresTeam"
bundle-controller,1,"Bundle"
bundle-controller,1,"Bundle"
argo-workflows,11,"ClusterWorkflowTemplate,CronWorkflow,EventBus,EventSource,Sensor,WorkflowArtifactGCTask,WorkflowEventBinding,Workflow,WorkflowTaskResult,WorkflowTaskSet,WorkflowTemplate"
argo-workflows,11,"ClusterWorkflowTemplate,CronWorkflow,EventBus,EventSource,Sensor,WorkflowArtifactGCTask,WorkflowEventBinding,Workflow,WorkflowTaskResult,WorkflowTaskSet,WorkflowTemplate"
grafana-operator,4,"GrafanaDashboard,GrafanaDatasource,GrafanaFolder,Grafana"
grafana-operator,4,"GrafanaDashboard,GrafanaDatasource,GrafanaFolder,Grafana"
sumologic,2,"OpenTelemetryCollector,Instrumentation"
sumologic,2,"OpenTelemetryCollector,Instrumentation"
kong,7,"IngressClassParameters,KongClusterPlugin,KongConsumer,KongIngress,KongPlugin,TCPIngress,UDPIngress"
kong,7,"IngressClassParameters,KongClusterPlugin,KongConsumer,KongIngress,KongPlugin,TCPIngress,UDPIngress"
lagoon-gatekeeper,4,"Config,ConstraintPodStatus,ConstraintTemplate,ConstraintTemplatePodStatus"
lagoon-gatekeeper,4,"Config,ConstraintPodStatus,ConstraintTemplate,ConstraintTemplatePodStatus"
goldilocks,2,"VerticalPodAutoscaler,VerticalPodAutoscalerCheckpoint"
goldilocks,2,"VerticalPodAutoscaler,VerticalPodAutoscalerCheckpoint"
sealed-secrets,1,"SealedSecret"
sealed-secrets,1,"SealedSecret"
resurface,3,"Backend,Defaults,Global"
resurface,3,"Backend,Defaults,Global"
epinio,3,"App,AppChart,Service"
epinio,3,"App,AppChart,Service"
vela-workflow,3,"WorkflowRun,Workflow,WorkflowStepDefinition"
vela-workflow,3,"WorkflowRun,Workflow,WorkflowStepDefinition"
multus,1,"NetworkAttachmentDefinition"
multus,1,"NetworkAttachmentDefinition"
flex-gateway,5,"ApiInstance,Configuration,Extension,PolicyBinding,Service"
flex-gateway,5,"ApiInstance,Configuration,Extension,PolicyBinding,Service"
kubedb-opscenter,13,"Elasticsearch,Etcd,Kafka,MariaDB,Memcached,MongoDB,MySQL,PerconaXtraDB,PgBouncer,Postgres,ProxySQL,Redis,RedisSentinel"
kubedb-opscenter,13,"Elasticsearch,Etcd,Kafka,MariaDB,Memcached,MongoDB,MySQL,PerconaXtraDB,PgBouncer,Postgres,ProxySQL,Redis,RedisSentinel"
stack,5,"Wordpress,MysqlBackup,MysqlCluster,MysqlDatabase,MysqlUser"
stack,5,"Wordpress,MysqlBackup,MysqlCluster,MysqlDatabase,MysqlUser"
terraform,1,"Workspace"
terraform,1,"Workspace"
kuma,41,"Zone,Mesh,ZoneInsight,ContainerPatch,MeshTCPRoute,HealthCheck,MeshTrace,Timeout,MeshRateLimit,MeshGateway,DataplaneInsight,TrafficLog,ZoneIngressInsight,MeshLoadBalancingStrategy,Retry,Dataplane,ZoneEgress,MeshAccessLog,MeshGatewayRoute,MeshProxyPatch,MeshCircuitBreaker,ZoneEgressInsight,MeshGatewayInstance,CircuitBreaker,ServiceInsight,FaultInjection,TrafficRoute,VirtualOutbound,MeshTrafficPermission,TrafficPermission,MeshHTTPRoute,MeshHealthCheck,MeshFaultInjection,MeshRetry,MeshInsight,ZoneIngress,ExternalService,ProxyTemplate,MeshTimeout,RateLimit,TrafficTrace"
kuma,41,"Zone,Mesh,ZoneInsight,ContainerPatch,MeshTCPRoute,HealthCheck,MeshTrace,Timeout,MeshRateLimit,MeshGateway,DataplaneInsight,TrafficLog,ZoneIngressInsight,MeshLoadBalancingStrategy,Retry,Dataplane,ZoneEgress,MeshAccessLog,MeshGatewayRoute,MeshProxyPatch,MeshCircuitBreaker,ZoneEgressInsight,MeshGatewayInstance,CircuitBreaker,ServiceInsight,FaultInjection,TrafficRoute,VirtualOutbound,MeshTrafficPermission,TrafficPermission,MeshHTTPRoute,MeshHealthCheck,MeshFaultInjection,MeshRetry,MeshInsight,ZoneIngress,ExternalService,ProxyTemplate,MeshTimeout,RateLimit,TrafficTrace"
lagoon-remote,9,"HostMigration,LagoonBuild,LagoonTask,MariaDBProvider,MariaDBConsumer,MongoDBConsumer,MongoDBProvider,PostgreSQLConsumer,PostgreSQLProvider"
lagoon-remote,9,"HostMigration,LagoonBuild,LagoonTask,MariaDBProvider,MariaDBConsumer,MongoDBConsumer,MongoDBProvider,PostgreSQLConsumer,PostgreSQLProvider"
ndb-operator,1,"Database"
ndb-operator,1,"Database"
velero-s3-deployment,11,"Backup,BackupStorageLocation,DeleteBackupRequest,DownloadRequest,PodVolumeBackup,PodVolumeRestore,ResticRepository,Restore,Schedule,ServerStatusRequest,VolumeSnapshotLocation"
velero-s3-deployment,11,"Backup,BackupStorageLocation,DeleteBackupRequest,DownloadRequest,PodVolumeBackup,PodVolumeRestore,ResticRepository,Restore,Schedule,ServerStatusRequest,VolumeSnapshotLocation"
edp-argocd-operator,1,"ArgoApplication"
edp-argocd-operator,1,"ArgoApplication"
metacontroller,3,"CompositeController,ControllerRevision,DecoratorController"
metacontroller,3,"CompositeController,ControllerRevision,DecoratorController"
nexus-operator,2,"Nexus,NexusUser"
nexus-operator,2,"Nexus,NexusUser"
cert-manager-csi-driver-cacerts,1,"CAProviderClass"
cert-manager-csi-driver-cacerts,1,"CAProviderClass"
permission-manager,1,"Permissionmanageruser"
permission-manager,1,"Permissionmanageruser"
keycloak-operator,13,"ClusterKeycloakRealm,ClusterKeycloak,KeycloakAuthFlow,KeycloakClient,KeycloakClientScope,KeycloakRealmComponent,KeycloakRealmGroup,KeycloakRealmIdentityProvider,KeycloakRealmRoleBatch,KeycloakRealmRole,KeycloakRealm,KeycloakRealmUser,Keycloak"
keycloak-operator,13,"ClusterKeycloakRealm,ClusterKeycloak,KeycloakAuthFlow,KeycloakClient,KeycloakClientScope,KeycloakRealmComponent,KeycloakRealmGroup,KeycloakRealmIdentityProvider,KeycloakRealmRoleBatch,KeycloakRealmRole,KeycloakRealm,KeycloakRealmUser,Keycloak"
katib,3,"Experiment,Suggestion,Trial"
katib,3,"Experiment,Suggestion,Trial"
cd-pipeline-operator,2,"CDPipeline,Stage"
cd-pipeline-operator,2,"CDPipeline,Stage"
perf-operator,4,"PerfDataSourceGitLab,PerfDataSourceJenkins,PerfDataSourceSonar,PerfServer"
perf-operator,4,"PerfDataSourceGitLab,PerfDataSourceJenkins,PerfDataSourceSonar,PerfServer"
vector-controller,1,"Config"
vector-controller,1,"Config"
sonar-operator,3,"SonarGroup,SonarPermissionTemplate,Sonar"
sonar-operator,3,"SonarGroup,SonarPermissionTemplate,Sonar"
edp-install,28,"GerritGroupMember,GerritGroup,GerritMergeRequest,GerritProjectAccess,GerritProject,GerritReplicationConfig,Gerrit,CDStageDeploy,CodebaseBranch,CodebaseImageStream,Codebase,GitServer,GitTag,ImageStreamTag,JiraIssueMetadata,JiraServer,CDStageJenkinsDeployment,Jenkins,JenkinsAgent,JenkinsAuthorizationRoleMapping,JenkinsAuthorizationRole,JenkinsFolder,JenkinsJobBuildRun,JenkinsJob,JenkinsScript,JenkinsServiceAccount,JenkinsSharedLibrary,EDPComponent"
edp-install,28,"GerritGroupMember,GerritGroup,GerritMergeRequest,GerritProjectAccess,GerritProject,GerritReplicationConfig,Gerrit,CDStageDeploy,CodebaseBranch,CodebaseImageStream,Codebase,GitServer,GitTag,ImageStreamTag,JiraIssueMetadata,JiraServer,CDStageJenkinsDeployment,Jenkins,JenkinsAgent,JenkinsAuthorizationRoleMapping,JenkinsAuthorizationRole,JenkinsFolder,JenkinsJobBuildRun,JenkinsJob,JenkinsScript,JenkinsServiceAccount,JenkinsSharedLibrary,EDPComponent"
ai-scale-doer,1,"AIPodAutoscaler"
ai-scale-doer,1,"AIPodAutoscaler"
csi-secrets-store-provider-azure,2,"SecretProviderClass,SecretProviderClassPodStatus"
csi-secrets-store-provider-azure,2,"SecretProviderClass,SecretProviderClassPodStatus"
kubegems-installer,1,"Plugin"
kubegems-installer,1,"Plugin"
eclipse-che,1,"CheCluster"
eclipse-che,1,"CheCluster"
vela-core-legacy,21,"AppDeployment,ApplicationConfiguration,ApplicationRevision,Application,AppRollout,Cluster,ComponentDefinition,Component,DefinitionRevision,EnvBinding,HealthScope,Initializer,Policy,PolicyDefinition,ResourceTracker,Rollout,ScopeDefinition,TraitDefinition,WorkloadDefinition,PodSpecWorkload,Rollout"
vela-core-legacy,21,"AppDeployment,ApplicationConfiguration,ApplicationRevision,Application,AppRollout,Cluster,ComponentDefinition,Component,DefinitionRevision,EnvBinding,HealthScope,Initializer,Policy,PolicyDefinition,ResourceTracker,Rollout,ScopeDefinition,TraitDefinition,WorkloadDefinition,PodSpecWorkload,Rollout"
bitpoke,5,"AccountBinding,Invite,MySQLDatabase,MySQLUser,Project"
bitpoke,5,"AccountBinding,Invite,MySQLDatabase,MySQLUser,Project"
lagoon-logging,13,"EventTailer,HostTailer,ClusterFlow,ClusterOutput,Flow,FluentbitAgent,Logging,NodeAgent,Output,SyslogNGClusterFlow,SyslogNGClusterOutput,SyslogNGFlow,SyslogNGOutput"
lagoon-logging,13,"EventTailer,HostTailer,ClusterFlow,ClusterOutput,Flow,FluentbitAgent,Logging,NodeAgent,Output,SyslogNGClusterFlow,SyslogNGClusterOutput,SyslogNGFlow,SyslogNGOutput"
pgo,2,"PGUpgrade,PostgresCluster"
pgo,2,"PGUpgrade,PostgresCluster"
theia,7,"ThroughputAnomalyDetector,ClickHouseInstallation,ClickHouseInstallationTemplate,ClickHouseOperatorConfiguration,NetworkPolicyRecommendation,ScheduledSparkApplication,SparkApplication"
theia,7,"ThroughputAnomalyDetector,ClickHouseInstallation,ClickHouseInstallationTemplate,ClickHouseOperatorConfiguration,NetworkPolicyRecommendation,ScheduledSparkApplication,SparkApplication"
antrea,15,"AntreaAgentInfo,AntreaControllerInfo,ClusterGroup,ClusterNetworkPolicy,Egress,ExternalEntity,ExternalIPPool,ExternalNode,Group,IPPool,NetworkPolicy,SupportBundleCollection,Tier,Traceflow,TrafficControl"
antrea,15,"AntreaAgentInfo,AntreaControllerInfo,ClusterGroup,ClusterNetworkPolicy,Egress,ExternalEntity,ExternalIPPool,ExternalNode,Group,IPPool,NetworkPolicy,SupportBundleCollection,Tier,Traceflow,TrafficControl"
cno-agent,11,"GatewayClass,Gateway,HTTPRoute,ReferenceGrant,ReferencePolicy,TCPRoute,TLSRoute,ContourDeployment,ExtensionService,HTTPProxy,TLSCertificateDelegation"
cno-agent,11,"GatewayClass,Gateway,HTTPRoute,ReferenceGrant,ReferencePolicy,TCPRoute,TLSRoute,ContourDeployment,ExtensionService,HTTPProxy,TLSCertificateDelegation"
devspace-cloud,6,"CertificateRequest,Certificate,Challenge,ClusterIssuer,Issuer,Order"
devspace-cloud,6,"CertificateRequest,Certificate,Challenge,ClusterIssuer,Issuer,Order"
cno,10,"Kafka,KafkaConnect,StrimziPodSet,KafkaTopic,KafkaUser,KafkaMirrorMaker,KafkaBridge,KafkaConnector,KafkaMirrorMaker2,KafkaRebalance"
cno,10,"Kafka,KafkaConnect,StrimziPodSet,KafkaTopic,KafkaUser,KafkaMirrorMaker,KafkaBridge,KafkaConnector,KafkaMirrorMaker2,KafkaRebalance"
notebook-controller,1,"Notebook"
notebook-controller,1,"Notebook"
whereabouts,2,"IPPool,OverlappingRangeIPReservation"
whereabouts,2,"IPPool,OverlappingRangeIPReservation"
istio-base,15,"WasmPlugin,DestinationRule,EnvoyFilter,Gateway,ProxyConfig,ServiceEntry,Sidecar,VirtualService,WorkloadEntry,WorkloadGroup,AuthorizationPolicy,PeerAuthentication,RequestAuthentication,Telemetry,IstioOperator"
istio-base,15,"WasmPlugin,DestinationRule,EnvoyFilter,Gateway,ProxyConfig,ServiceEntry,Sidecar,VirtualService,WorkloadEntry,WorkloadGroup,AuthorizationPolicy,PeerAuthentication,RequestAuthentication,Telemetry,IstioOperator"
chaos,21,"AWSChaos,AzureChaos,DNSChaos,GCPChaos,HTTPChaos,IOChaos,JVMChaos,KernelChaos,NetworkChaos,PhysicalMachineChaos,PhysicalMachine,PodChaos,PodHttpChaos,PodIOChaos,PodNetworkChaos,Schedule,StatusCheck,StressChaos,TimeChaos,WorkflowNode,Workflow"
chaos,21,"AWSChaos,AzureChaos,DNSChaos,GCPChaos,HTTPChaos,IOChaos,JVMChaos,KernelChaos,NetworkChaos,PhysicalMachineChaos,PhysicalMachine,PodChaos,PodHttpChaos,PodIOChaos,PodNetworkChaos,Schedule,StatusCheck,StressChaos,TimeChaos,WorkflowNode,Workflow"
argo-cd,3,"Application,ApplicationSet,AppProject"
argo-cd,3,"Application,ApplicationSet,AppProject"
training-operator,4,"MXJob,PyTorchJob,TFJob,XGBoostJob"
training-operator,4,"MXJob,PyTorchJob,TFJob,XGBoostJob"
identity-manager,1,"WorkloadIdentity"
identity-manager,1,"WorkloadIdentity"
k8s-event-logger-operator,1,"EventLogger"
k8s-event-logger-operator,1,"EventLogger"
trickster,6,"TricksterBackend,TricksterCache,TricksterRequestRewriter,TricksterRule,Trickster,TricksterTracingConfig"
trickster,6,"TricksterBackend,TricksterCache,TricksterRequestRewriter,TricksterRule,Trickster,TricksterTracingConfig"
tcs-issuer,3,"QuoteAttestation,TCSClusterIssuer,TCSIssuer"
tcs-issuer,3,"QuoteAttestation,TCSClusterIssuer,TCSIssuer"
kubegems-edge,3,"EdgeCluster,EdgeHub,EdgeTask"
kubegems-edge,3,"EdgeCluster,EdgeHub,EdgeTask"
nginx-ingress,12,"APLogConf,APPolicy,APUserSig,APDosLogConf,APDosPolicy,DosProtectedResource,DNSEndpoint,GlobalConfiguration,Policy,TransportServer,VirtualServerRoute,VirtualServer"
nginx-ingress,12,"APLogConf,APPolicy,APUserSig,APDosLogConf,APDosPolicy,DosProtectedResource,DNSEndpoint,GlobalConfiguration,Policy,TransportServer,VirtualServerRoute,VirtualServer"
sidekick,1,"Sidekick"
sidekick,1,"Sidekick"
hub-agent,8,"AccessControlPolicy,APIAccess,APICollection,APIGateway,APIPortal,API,EdgeIngress,IngressClass"
hub-agent,8,"AccessControlPolicy,APIAccess,APICollection,APIGateway,APIPortal,API,EdgeIngress,IngressClass"
sonar-operator,3,"SonarGroup,SonarPermissionTemplate,Sonar"
sonar-operator,3,"SonarGroup,SonarPermissionTemplate,Sonar"
mayastor,1,"Jaeger"
mayastor,1,"Jaeger"
ace,7,"Credential,ClusterAuthInfoTemplate,ClusterInfo,ClusterUserAuth,ExternalDNS,Plan,Product"
ace,7,"Credential,ClusterAuthInfoTemplate,ClusterInfo,ClusterUserAuth,ExternalDNS,Plan,Product"
verticadb-operator,3,"EventTrigger,VerticaAutoscaler,VerticaDB"
verticadb-operator,3,"EventTrigger,VerticaAutoscaler,VerticaDB"
kube-ui-server,7,"AppBinding,HelmRelease,HelmRepository,Feature,FeatureSet,ResourceDashboard,ResourceEditor"
kube-ui-server,7,"AppBinding,HelmRelease,HelmRepository,Feature,FeatureSet,ResourceDashboard,ResourceEditor"
ui-presets,3,"ChartPreset,ClusterChartPreset,VendorChartPreset"
ui-presets,3,"ChartPreset,ClusterChartPreset,VendorChartPreset"
gko,4,"ApiDefinition,ApiResource,Application,ManagementContext"
gko,4,"ApiDefinition,ApiResource,Application,ManagementContext"
fluent-operator,13,"ClusterFilter,ClusterFluentBitConfig,ClusterInput,ClusterOutput,ClusterParser,FluentBit,ClusterFilter,ClusterFluentdConfig,ClusterOutput,Filter,FluentdConfig,Fluentd,Output"
fluent-operator,13,"ClusterFilter,ClusterFluentBitConfig,ClusterInput,ClusterOutput,ClusterParser,FluentBit,ClusterFilter,ClusterFluentdConfig,ClusterOutput,Filter,FluentdConfig,Fluentd,Output"
kserve,5,"ClusterServingRuntime,InferenceService,Predictor,ServingRuntime,TrainedModel"
kserve,5,"ClusterServingRuntime,InferenceService,Predictor,ServingRuntime,TrainedModel"
cosmo-controller-manager,6,"ClusterInstance,ClusterTemplate,Instance,Template,User,Workspace"
cosmo-controller-manager,6,"ClusterInstance,ClusterTemplate,Instance,Template,User,Workspace"
kubegems-local,5,"Environment,TenantGateway,TenantNetworkPolicy,TenantResourceQuota,Tenant"
kubegems-local,5,"Environment,TenantGateway,TenantNetworkPolicy,TenantResourceQuota,Tenant"
gatekeeper,9,"Assign,AssignImage,AssignMetadata,ConstraintTemplate,ExpansionTemplate,ExpansionTemplatePodStatus,ModifySet,MutatorPodStatus,Provider"
gatekeeper,9,"Assign,AssignImage,AssignMetadata,ConstraintTemplate,ExpansionTemplate,ExpansionTemplatePodStatus,ModifySet,MutatorPodStatus,Provider"
sshpiper,1,"Pipe"
sshpiper,1,"Pipe"
gemini,1,"SnapshotGroup"
gemini,1,"SnapshotGroup"
lm-container,1,"CollectorSet"
lm-container,1,"CollectorSet"
traefik-mesh,4,"TrafficTarget,HTTPRouteGroup,TCPRoute,TrafficSplit"
traefik-mesh,4,"TrafficTarget,HTTPRouteGroup,TCPRoute,TrafficSplit"
maesh,1,"TrafficSplit"
maesh,1,"TrafficSplit"
voyager-crds,1,"Ingress"
voyager-crds,1,"Ingress"
opscenter-core,1,"GrafanaDatasource"
opscenter-core,1,"GrafanaDatasource"
kubemod,1,"ModRule"
kubemod,1,"ModRule"
argo-cd,1,"ArgoCDExtension"
argo-cd,1,"ArgoCDExtension"
pinniped,8,"JWTAuthenticator,WebhookAuthenticator,CredentialIssuer,FederationDomain,OIDCClient,ActiveDirectoryIdentityProvider,LDAPIdentityProvider,OIDCIdentityProvider"
pinniped,8,"JWTAuthenticator,WebhookAuthenticator,CredentialIssuer,FederationDomain,OIDCClient,ActiveDirectoryIdentityProvider,LDAPIdentityProvider,OIDCIdentityProvider"
rabbitmq-operator,1,"RabbitmqCluster"
rabbitmq-operator,1,"RabbitmqCluster"
jspolicy,5,"JsPolicy,JsPolicyViolations,JsPolicyBundle,PolicyReport,ClusterPolicyReport"
jspolicy,5,"JsPolicy,JsPolicyViolations,JsPolicyBundle,PolicyReport,ClusterPolicyReport"
snapshot-controller,3,"VolumeSnapshotClass,VolumeSnapshotContent,VolumeSnapshot"
snapshot-controller,3,"VolumeSnapshotClass,VolumeSnapshotContent,VolumeSnapshot"
kubernetes-ingress,3,"Backend,Defaults,Global"
kubernetes-ingress,3,"Backend,Defaults,Global"
github-actions-runner-operator,1,"GithubActionRunner"
github-actions-runner-operator,1,"GithubActionRunner"
mariadb-operator,8,"Backup,Connection,Database,Grant,MariaDB,Restore,SqlJob,User"
mariadb-operator,8,"Backup,Connection,Database,Grant,MariaDB,Restore,SqlJob,User"
rabbitmq-cluster-operator,12,"Binding,Exchange,Federation,Permission,Policy,Queue,SchemaReplication,Shovel,SuperStream,TopicPermission,User,Vhost"
rabbitmq-cluster-operator,12,"Binding,Exchange,Federation,Permission,Policy,Queue,SchemaReplication,Shovel,SuperStream,TopicPermission,User,Vhost"
aws-target-group-binding,1,"TargetGroupBinding"
aws-target-group-binding,1,"TargetGroupBinding"
stash-catalog,2,"Function,Task"
stash-catalog,2,"Function,Task"
codebase-operator,1,"Template"
codebase-operator,1,"Template"
ditto-operator,1,"Ditto"
ditto-operator,1,"Ditto"
cloudcore,8,"EdgeApplication,NodeGroup,ClusterObjectSync,Device,DeviceModel,ObjectSync,Rule,RuleEndpoint"
cloudcore,8,"EdgeApplication,NodeGroup,ClusterObjectSync,Device,DeviceModel,ObjectSync,Rule,RuleEndpoint"
traefik,1,"ServersTransportTCP"
traefik,1,"ServersTransportTCP"
mongodb-operator,1,"MongoDB"
mongodb-operator,1,"MongoDB"
kubeform-provider-aws,59,"ProviderConfig,ProviderConfigUsage,StoreConfig,ClusterInstance,ClusterParameterGroup,Cluster,ClusterSnapshot,EventSubscription,GlobalCluster,SubnetGroup,ContributorInsights,GlobalTable,KinesisStreamingDestination,TableItem,TableReplica,Table,Tag,Route,SecurityGroupRule,VPCPeeringConnection,Cluster,ParameterGroup,ReplicationGroup,SubnetGroup,UserGroup,User,DomainPolicy,Domain,DomainSAMLOptions,Cluster,Configuration,Stream,Key,ACL,Cluster,ParameterGroup,Snapshot,SubnetGroup,ClusterActivityStream,ClusterEndpoint,ClusterInstance,ClusterParameterGroup,ClusterRoleAssociation,Cluster,ClusterSnapshot,DBInstanceAutomatedBackupsReplication,DBSnapshotCopy,EventSubscription,GlobalCluster,InstanceRoleAssociation,Instance,OptionGroup,ParameterGroup,Proxy,ProxyDefaultTargetGroup,ProxyEndpoint,ProxyTarget,Snapshot,SubnetGroup"
kubeform-provider-aws,59,"ProviderConfig,ProviderConfigUsage,StoreConfig,ClusterInstance,ClusterParameterGroup,Cluster,ClusterSnapshot,EventSubscription,GlobalCluster,SubnetGroup,ContributorInsights,GlobalTable,KinesisStreamingDestination,TableItem,TableReplica,Table,Tag,Route,SecurityGroupRule,VPCPeeringConnection,Cluster,ParameterGroup,ReplicationGroup,SubnetGroup,UserGroup,User,DomainPolicy,Domain,DomainSAMLOptions,Cluster,Configuration,Stream,Key,ACL,Cluster,ParameterGroup,Snapshot,SubnetGroup,ClusterActivityStream,ClusterEndpoint,ClusterInstance,ClusterParameterGroup,ClusterRoleAssociation,Cluster,ClusterSnapshot,DBInstanceAutomatedBackupsReplication,DBSnapshotCopy,EventSubscription,GlobalCluster,InstanceRoleAssociation,Instance,OptionGroup,ParameterGroup,Proxy,ProxyDefaultTargetGroup,ProxyEndpoint,ProxyTarget,Snapshot,SubnetGroup"
bitwarden-crd-operator,3,"BitwardenSecret,BitwardenTemplate,RegistryCredential"
bitwarden-crd-operator,3,"BitwardenSecret,BitwardenTemplate,RegistryCredential"
kubevault-catalog,1,"VaultServerVersion"
kubevault-catalog,1,"VaultServerVersion"
victoria-metrics-k8s-stack,14,"VMAgent,VMAlertmanagerConfig,VMAlertmanager,VMAlert,VMAuth,VMCluster,VMNodeScrape,VMPodScrape,VMProbe,VMRule,VMServiceScrape,VMSingle,VMStaticScrape,VMUser"
victoria-metrics-k8s-stack,14,"VMAgent,VMAlertmanagerConfig,VMAlertmanager,VMAlert,VMAuth,VMCluster,VMNodeScrape,VMPodScrape,VMProbe,VMRule,VMServiceScrape,VMSingle,VMStaticScrape,VMUser"
kubevault-operator,1,"VaultServer"
kubevault-operator,1,"VaultServer"
mattermost-operator,3,"ClusterInstallation,MattermostRestoreDB,Mattermost"
mattermost-operator,3,"ClusterInstallation,MattermostRestoreDB,Mattermost"
nginx-service-mesh,9,"CircuitBreaker,HTTPRouteGroup,MeshConfig,MeshConfigClass,RateLimit,SpiffeID,TCPRoute,TrafficSplit,TrafficTarget"
nginx-service-mesh,9,"CircuitBreaker,HTTPRouteGroup,MeshConfig,MeshConfigClass,RateLimit,SpiffeID,TCPRoute,TrafficSplit,TrafficTarget"
kubedb-crds,44,"ElasticsearchAutoscaler,EtcdAutoscaler,MariaDBAutoscaler,MemcachedAutoscaler,MongoDBAutoscaler,MySQLAutoscaler,PerconaXtraDBAutoscaler,PgBouncerAutoscaler,PostgresAutoscaler,ProxySQLAutoscaler,RedisAutoscaler,RedisSentinelAutoscaler,ElasticsearchVersion,EtcdVersion,KafkaVersion,MariaDBVersion,MemcachedVersion,MongoDBVersion,MySQLVersion,PerconaXtraDBVersion,PgBouncerVersion,PostgresVersion,ProxySQLVersion,RedisVersion,ElasticsearchDashboard,ElasticsearchOpsRequest,EtcdOpsRequest,MariaDBOpsRequest,MemcachedOpsRequest,MongoDBOpsRequest,MySQLOpsRequest,PerconaXtraDBOpsRequest,PgBouncerOpsRequest,PostgresOpsRequest,ProxySQLOpsRequest,RedisOpsRequest,RedisSentinelOpsRequest,Publisher,Subscriber,MariaDBDatabase,MongoDBDatabase,MySQLDatabase,PostgresDatabase,RedisDatabase"
kubedb-crds,44,"ElasticsearchAutoscaler,EtcdAutoscaler,MariaDBAutoscaler,MemcachedAutoscaler,MongoDBAutoscaler,MySQLAutoscaler,PerconaXtraDBAutoscaler,PgBouncerAutoscaler,PostgresAutoscaler,ProxySQLAutoscaler,RedisAutoscaler,RedisSentinelAutoscaler,ElasticsearchVersion,EtcdVersion,KafkaVersion,MariaDBVersion,MemcachedVersion,MongoDBVersion,MySQLVersion,PerconaXtraDBVersion,PgBouncerVersion,PostgresVersion,ProxySQLVersion,RedisVersion,ElasticsearchDashboard,ElasticsearchOpsRequest,EtcdOpsRequest,MariaDBOpsRequest,MemcachedOpsRequest,MongoDBOpsRequest,MySQLOpsRequest,PerconaXtraDBOpsRequest,PgBouncerOpsRequest,PostgresOpsRequest,ProxySQLOpsRequest,RedisOpsRequest,RedisSentinelOpsRequest,Publisher,Subscriber,MariaDBDatabase,MongoDBDatabase,MySQLDatabase,PostgresDatabase,RedisDatabase"
tigera-operator,22,"APIServer,BGPConfiguration,BGPFilter,BGPPeer,BlockAffinity,CalicoNodeStatus,ClusterInformation,FelixConfiguration,GlobalNetworkPolicy,GlobalNetworkSet,HostEndpoint,IPAMBlock,IPAMConfig,IPAMHandle,IPPool,IPReservation,KubeControllersConfiguration,NetworkPolicy,NetworkSet,ImageSet,Installation,TigeraStatus"
tigera-operator,22,"APIServer,BGPConfiguration,BGPFilter,BGPPeer,BlockAffinity,CalicoNodeStatus,ClusterInformation,FelixConfiguration,GlobalNetworkPolicy,GlobalNetworkSet,HostEndpoint,IPAMBlock,IPAMConfig,IPAMHandle,IPPool,IPReservation,KubeControllersConfiguration,NetworkPolicy,NetworkSet,ImageSet,Installation,TigeraStatus"
kubernetes-external-secrets,1,"ExternalSecret"
kubernetes-external-secrets,1,"ExternalSecret"
base,2,"AuthorizationPolicy,RequestAuthentication"
base,2,"AuthorizationPolicy,RequestAuthentication"
sops-operator,1,"SopsSecret"
sops-operator,1,"SopsSecret"
oam-runtime,1,"ManualScalerTrait"
oam-runtime,1,"ManualScalerTrait"
github-actions-runners,5,"HorizontalRunnerAutoscaler,RunnerDeployment,RunnerReplicaSet,Runner,RunnerSet"
github-actions-runners,5,"HorizontalRunnerAutoscaler,RunnerDeployment,RunnerReplicaSet,Runner,RunnerSet"
kubegems-models,1,"ModelDeployment"
kubegems-models,1,"ModelDeployment"
trident-operator,1,"TridentOrchestrator"
trident-operator,1,"TridentOrchestrator"
deeploy,1,"InferenceGraph"
deeploy,1,"InferenceGraph"
gitlab-runner-operator,1,"Runner"
gitlab-runner-operator,1,"Runner"
application-crds,1,"Application"
application-crds,1,"Application"
kube-auto-puller,1,"ImageCache"
kube-auto-puller,1,"ImageCache"
stash-crds,7,"BackupBatch,BackupBlueprint,BackupConfiguration,BackupSession,Repository,RestoreBatch,RestoreSession"
stash-crds,7,"BackupBatch,BackupBlueprint,BackupConfiguration,BackupSession,Repository,RestoreBatch,RestoreSession"
mpi-operator,1,"MPIJob"
mpi-operator,1,"MPIJob"
redis-db-assignment-operator,1,"RedisDatabase"
redis-db-assignment-operator,1,"RedisDatabase"
kvdi,4,"VDICluster,Session,Template,VDIRole"
kvdi,4,"VDICluster,Session,Template,VDIRole"
hawkbit-operator,1,"Hawkbit"
hawkbit-operator,1,"Hawkbit"
hpe-csi-driver,11,"HPENodeInfo,HPEReplicationDeviceInfo,HPEVolumeGroupInfo,HPEVolumeInfo,HPESnapshotGroupInfo,SnapshotGroupClass,SnapshotGroupContent,SnapshotGroup,VolumeGroupClass,VolumeGroupContent,VolumeGroup"
hpe-csi-driver,11,"HPENodeInfo,HPEReplicationDeviceInfo,HPEVolumeGroupInfo,HPEVolumeInfo,HPESnapshotGroupInfo,SnapshotGroupClass,SnapshotGroupContent,SnapshotGroup,VolumeGroupClass,VolumeGroupContent,VolumeGroup"
kong-mesh,7,"OPAPolicy,AccessRoleBinding,MeshOPA,AccessRole,MeshGlobalRateLimit,AccessAudit,MeshGatewayConfig"
kong-mesh,7,"OPAPolicy,AccessRoleBinding,MeshOPA,AccessRole,MeshGlobalRateLimit,AccessAudit,MeshGatewayConfig"
sql-operator,4,"SqlDatabase,SqlGrant,SqlHost,SqlUser"
sql-operator,4,"SqlDatabase,SqlGrant,SqlHost,SqlUser"
kubevault,15,"AWSRole,AzureRole,ElasticsearchRole,GCPRole,MariaDBRole,MongoDBRole,MySQLRole,PostgresRole,RedisRole,SecretAccessRequest,SecretEngine,SecretRoleBinding,VaultOpsRequest,VaultPolicy,VaultPolicyBinding"
kubevault,15,"AWSRole,AzureRole,ElasticsearchRole,GCPRole,MariaDBRole,MongoDBRole,MySQLRole,PostgresRole,RedisRole,SecretAccessRequest,SecretEngine,SecretRoleBinding,VaultOpsRequest,VaultPolicy,VaultPolicyBinding"
kom-operator,1,"Microservice"
kom-operator,1,"Microservice"
solr-operator,3,"SolrBackup,SolrCloud,SolrPrometheusExporter"
solr-operator,3,"SolrBackup,SolrCloud,SolrPrometheusExporter"
kube-ecr-secrets-operator,1,"AWSECRCredential"
kube-ecr-secrets-operator,1,"AWSECRCredential"
heist,9,"VaultBinding,VaultCertificateAuthority,VaultCertificateRole,VaultClientConfig,VaultKVSecretEngine,VaultKVSecret,VaultSyncSecret,VaultTransitEngine,VaultTransitKey"
heist,9,"VaultBinding,VaultCertificateAuthority,VaultCertificateRole,VaultClientConfig,VaultKVSecretEngine,VaultKVSecret,VaultSyncSecret,VaultTransitEngine,VaultTransitKey"
amd-gpu,2,"NodeFeature,NodeFeatureRule"
amd-gpu,2,"NodeFeature,NodeFeatureRule"
octopus,9,"NodeAction,Numatopology,AlluxioRuntime,DataBackup,DataLoad,Dataset,GooseFSRuntime,JindoRuntime,JuiceFSRuntime"
octopus,9,"NodeAction,Numatopology,AlluxioRuntime,DataBackup,DataLoad,Dataset,GooseFSRuntime,JindoRuntime,JuiceFSRuntime"
chaos-mesh,2,"BlockChaos,RemoteCluster"
chaos-mesh,2,"BlockChaos,RemoteCluster"
bytebuilders-crds,7,"CloudProvider,MachineType,OrgUser,Team,TeamUser,EditorOption,OptionsEditor"
bytebuilders-crds,7,"CloudProvider,MachineType,OrgUser,Team,TeamUser,EditorOption,OptionsEditor"
intel-device-plugins-operator,9,"DlbDevicePlugin,DsaDevicePlugin,FpgaDevicePlugin,GpuDevicePlugin,IaaDevicePlugin,QatDevicePlugin,SgxDevicePlugin,AcceleratorFunction,FpgaRegion"
intel-device-plugins-operator,9,"DlbDevicePlugin,DsaDevicePlugin,FpgaDevicePlugin,GpuDevicePlugin,IaaDevicePlugin,QatDevicePlugin,SgxDevicePlugin,AcceleratorFunction,FpgaRegion"
trivy-operator,3,"ClusterScanner,NamespaceScanner,VulnerabilityReport"
trivy-operator,3,"ClusterScanner,NamespaceScanner,VulnerabilityReport"
contour-operator,3,"Contour,ContourConfiguration,UDPRoute"
contour-operator,3,"Contour,ContourConfiguration,UDPRoute"
kubeapps,1,"AppRepository"
kubeapps,1,"AppRepository"
spire,3,"ClusterFederatedTrustDomain,ClusterSPIFFEID,ControllerManagerConfig"
spire,3,"ClusterFederatedTrustDomain,ClusterSPIFFEID,ControllerManagerConfig"
sitewhere-infrastructure,24,"SiteWhereInstance,SiteWhereMicroservice,SiteWhereTenantEngine,SiteWhereTenant,InstanceConfigurationTemplate,TenantConfigurationTemplate,TenantEngineConfigurationTemplate,InstanceDatasetTemplate,TenantDatasetTemplate,TenantEngineDatasetTemplate,SiteWhereScriptCategory,SiteWhereScriptTemplate,SiteWhereScript,SiteWhereScriptVersion,Kafka,KafkaConnect,KafkaConnectS2I,KafkaTopic,KafkaUser,KafkaMirrorMaker,KafkaBridge,KafkaConnector,KafkaMirrorMaker2,KafkaRebalance"
sitewhere-infrastructure,24,"SiteWhereInstance,SiteWhereMicroservice,SiteWhereTenantEngine,SiteWhereTenant,InstanceConfigurationTemplate,TenantConfigurationTemplate,TenantEngineConfigurationTemplate,InstanceDatasetTemplate,TenantDatasetTemplate,TenantEngineDatasetTemplate,SiteWhereScriptCategory,SiteWhereScriptTemplate,SiteWhereScript,SiteWhereScriptVersion,Kafka,KafkaConnect,KafkaConnectS2I,KafkaTopic,KafkaUser,KafkaMirrorMaker,KafkaBridge,KafkaConnector,KafkaMirrorMaker2,KafkaRebalance"
gotway,1,"IngressHTTP"
gotway,1,"IngressHTTP"
kubeslice-worker,6,"ServiceExport,ServiceImport,SliceGateway,Slice,NetworkService,NetworkServiceEndpoint"
kubeslice-worker,6,"ServiceExport,ServiceImport,SliceGateway,Slice,NetworkService,NetworkServiceEndpoint"
reaper-operator,1,"Reaper"
reaper-operator,1,"Reaper"
kubeteach-core,3,"ExerciseSet,TaskDefinition,Task"
kubeteach-core,3,"ExerciseSet,TaskDefinition,Task"
etcd-cluster-operator,5,"EtcdBackup,EtcdBackupSchedule,EtcdCluster,EtcdPeer,EtcdRestore"
etcd-cluster-operator,5,"EtcdBackup,EtcdBackupSchedule,EtcdCluster,EtcdPeer,EtcdRestore"
cloudbees-previews,5,"Environment,GitRepository,HierarchyConfiguration,HNCConfiguration,SubnamespaceAnchor"
cloudbees-previews,5,"Environment,GitRepository,HierarchyConfiguration,HNCConfiguration,SubnamespaceAnchor"
pg-operator,3,"PerconaPGBackup,PerconaPGCluster,PerconaPGRestore"
pg-operator,3,"PerconaPGBackup,PerconaPGCluster,PerconaPGRestore"
fluentbit-operator,6,"Filter,FluentBitConfig,FluentBit,Input,Output,Parser"
fluentbit-operator,6,"Filter,FluentBitConfig,FluentBit,Input,Output,Parser"
ondat-operator,1,"StorageOSCluster"
ondat-operator,1,"StorageOSCluster"
workshop-operator,1,"Workshop"
workshop-operator,1,"Workshop"
tenant-operator,7,"IntegrationConfig,Quota,ResourceSupervisor,TemplateGroupInstance,TemplateInstance,Template,Tenant"
tenant-operator,7,"IntegrationConfig,Quota,ResourceSupervisor,TemplateGroupInstance,TemplateInstance,Template,Tenant"
apisix-ingress-controller,7,"ApisixGlobalRule,ApisixClusterConfig,ApisixConsumer,ApisixPluginConfig,ApisixRoute,ApisixTls,ApisixUpstream"
apisix-ingress-controller,7,"ApisixGlobalRule,ApisixClusterConfig,ApisixConsumer,ApisixPluginConfig,ApisixRoute,ApisixTls,ApisixUpstream"
velero,1,"BackupRepository"
velero,1,"BackupRepository"
cluster-registry,3,"ClusterFeature,Cluster,ResourceSyncRule"
cluster-registry,3,"ClusterFeature,Cluster,ResourceSyncRule"
namespace-configuration-operator,3,"GroupConfig,NamespaceConfig,UserConfig"
namespace-configuration-operator,3,"GroupConfig,NamespaceConfig,UserConfig"
helm-controller,3,"Bucket,GitRepository,HelmChart"
helm-controller,3,"Bucket,GitRepository,HelmChart"
cluster-essentials,1,"IngressClassParams"
cluster-essentials,1,"IngressClassParams"
clusternet-agent,2,"ServiceExport,ServiceImport"
clusternet-agent,2,"ServiceExport,ServiceImport"
community-operator-v2,6,"Announcement,Community,Meetup,TelegramHandler,TwitterHandler,Weekly"
community-operator-v2,6,"Announcement,Community,Meetup,TelegramHandler,TwitterHandler,Weekly"
enterprise-operator,4,"MongoDBMulti,MongoDBMultiCluster,MongoDBUser,MongoDBOpsManager"
enterprise-operator,4,"MongoDBMulti,MongoDBMultiCluster,MongoDBUser,MongoDBOpsManager"
jira-service-desk-operator,2,"Customer,Project"
jira-service-desk-operator,2,"Customer,Project"
apisix-ingress-controller,5,"ApisixClusterConfig,ApisixConsumer,ApisixRoute,ApisixTls,ApisixUpstream"
apisix-ingress-controller,5,"ApisixClusterConfig,ApisixConsumer,ApisixRoute,ApisixTls,ApisixUpstream"
accurate,1,"SubNamespace"
accurate,1,"SubNamespace"
apache-shardingsphere-operator-charts,6,"Chaos,ComputeNode,ShardingSphereProxy,ShardingSphereProxyServerConfig,StorageNode,StorageProvider"
apache-shardingsphere-operator-charts,6,"Chaos,ComputeNode,ShardingSphereProxy,ShardingSphereProxyServerConfig,StorageNode,StorageProvider"
nirmata-venafi-adapter,1,"ImageKey"
nirmata-venafi-adapter,1,"ImageKey"
cni-hostnic,4,"IPAMBlock,IPAMHandle,IPPool,VxNetPool"
cni-hostnic,4,"IPAMBlock,IPAMHandle,IPPool,VxNetPool"
kube-azure,1,"ChaosExperiment"
kube-azure,1,"ChaosExperiment"
openebs,24,"BlockDevice,BlockDeviceClaim,ZFSBackup,ZFSNode,ZFSRestore,ZFSSnapshot,ZFSVolume,CStorBackup,CStorCompletedBackup,CStorPoolCluster,CStorPoolInstance,CStorRestore,CStorVolume,CStorVolumeAttachment,CStorVolumeConfig,CStorVolumePolicy,CStorVolumeReplica,MigrationTask,UpgradeTask,JivaVolumePolicy,JivaVolume,LVMNode,LVMSnapshot,LVMVolume"
openebs,24,"BlockDevice,BlockDeviceClaim,ZFSBackup,ZFSNode,ZFSRestore,ZFSSnapshot,ZFSVolume,CStorBackup,CStorCompletedBackup,CStorPoolCluster,CStorPoolInstance,CStorRestore,CStorVolume,CStorVolumeAttachment,CStorVolumeConfig,CStorVolumePolicy,CStorVolumeReplica,MigrationTask,UpgradeTask,JivaVolumePolicy,JivaVolume,LVMNode,LVMSnapshot,LVMVolume"
slack-operator,1,"Channel"
slack-operator,1,"Channel"
ndb-operator,1,"NdbCluster"
ndb-operator,1,"NdbCluster"
rollout,4,"AnalysisTemplate,Experiment,AnalysisRun,Rollout"
rollout,4,"AnalysisTemplate,Experiment,AnalysisRun,Rollout"
ingress-azure,2,"AzureApplicationGatewayRewrite,AzureIngressProhibitedTarget"
ingress-azure,2,"AzureApplicationGatewayRewrite,AzureIngressProhibitedTarget"
saferwall,16,"CouchbaseAutoscaler,CouchbaseBackupRestore,CouchbaseBackup,CouchbaseBucket,CouchbaseCluster,CouchbaseCollectionGroup,CouchbaseCollection,CouchbaseEphemeralBucket,CouchbaseGroup,CouchbaseMemcachedBucket,CouchbaseMigrationReplication,CouchbaseReplication,CouchbaseRoleBinding,CouchbaseScopeGroup,CouchbaseScope,CouchbaseUser"
saferwall,16,"CouchbaseAutoscaler,CouchbaseBackupRestore,CouchbaseBackup,CouchbaseBucket,CouchbaseCluster,CouchbaseCollectionGroup,CouchbaseCollection,CouchbaseEphemeralBucket,CouchbaseGroup,CouchbaseMemcachedBucket,CouchbaseMigrationReplication,CouchbaseReplication,CouchbaseRoleBinding,CouchbaseScopeGroup,CouchbaseScope,CouchbaseUser"
fluentd-operator,1,"FluentdConfig"
fluentd-operator,1,"FluentdConfig"
keycloak-operator,5,"KeycloakBackup,KeycloakClient,KeycloakRealm,Keycloak,KeycloakUser"
keycloak-operator,5,"KeycloakBackup,KeycloakClient,KeycloakRealm,Keycloak,KeycloakUser"
kiali-operator,1,"Kiali"
kiali-operator,1,"Kiali"
purelb,2,"LBNodeAgent,ServiceGroup"
purelb,2,"LBNodeAgent,ServiceGroup"
aks-appgw-fe,4,"AzureAssignedIdentity,AzureIdentity,AzureIdentityBinding,AzurePodIdentityException"
aks-appgw-fe,4,"AzureAssignedIdentity,AzureIdentity,AzureIdentityBinding,AzurePodIdentityException"
ks-installer,1,"ClusterConfiguration"
ks-installer,1,"ClusterConfiguration"
nri-bundle,9,"CatalogSource,ClusterServiceVersion,InstallPlan,OLMConfig,OperatorCondition,OperatorGroup,Operator,Subscription,Vizier"
nri-bundle,9,"CatalogSource,ClusterServiceVersion,InstallPlan,OLMConfig,OperatorCondition,OperatorGroup,Operator,Subscription,Vizier"
pg-db,5,"Pgcluster,PerconaPGCluster,Pgtask,Pgreplica,Pgpolicy"
pg-db,5,"Pgcluster,PerconaPGCluster,Pgtask,Pgreplica,Pgpolicy"
sasquatch,1,"StrimziSchemaRegistry"
sasquatch,1,"StrimziSchemaRegistry"
kubefed,17,"FederatedClusterRole,FederatedConfigMap,FederatedDeployment,FederatedIngress,FederatedJob,FederatedNamespace,FederatedReplicaSet,FederatedSecret,FederatedServiceAccount,FederatedService,ClusterPropagatedVersion,FederatedServiceStatus,FederatedTypeConfig,KubeFedCluster,KubeFedConfig,PropagatedVersion,ReplicaSchedulingPreference"
kubefed,17,"FederatedClusterRole,FederatedConfigMap,FederatedDeployment,FederatedIngress,FederatedJob,FederatedNamespace,FederatedReplicaSet,FederatedSecret,FederatedServiceAccount,FederatedService,ClusterPropagatedVersion,FederatedServiceStatus,FederatedTypeConfig,KubeFedCluster,KubeFedConfig,PropagatedVersion,ReplicaSchedulingPreference"
paddlecloud,4,"PaddleJob,SampleJob,SampleSet,PaddleService"
paddlecloud,4,"PaddleJob,SampleJob,SampleSet,PaddleService"
porter,3,"BgpConf,BgpPeer,Eip"
porter,3,"BgpConf,BgpPeer,Eip"
gafaelfawr,1,"GafaelfawrServiceToken"
gafaelfawr,1,"GafaelfawrServiceToken"
reporting-legacy-api,1,"MojaloopReport"
reporting-legacy-api,1,"MojaloopReport"
kommander,27,"FederatedAddon,FederatedClusterAddon,FederatedClusterRoleBinding,FederatedCustomResourceDefinition,FederatedLimitRange,FederatedNetworkPolicy,FederatedResourceQuota,FederatedRoleBinding,FederatedRole,KommanderClusterDiagnosis,KommanderCluster,KommanderProjectRole,KommanderWorkspaceRole,ProjectRole,Project,VirtualGroupClusterRoleBinding,VirtualGroupKommanderClusterRoleBinding,VirtualGroupKommanderProjectRoleBinding,VirtualGroupKommanderWorkspaceRoleBinding,VirtualGroupProjectRoleBinding,VirtualGroup,VirtualGroupWorkspaceRoleBinding,WorkspaceRole,Workspace,TunnelConnector,TunnelGateway,License"
kommander,27,"FederatedAddon,FederatedClusterAddon,FederatedClusterRoleBinding,FederatedCustomResourceDefinition,FederatedLimitRange,FederatedNetworkPolicy,FederatedResourceQuota,FederatedRoleBinding,FederatedRole,KommanderClusterDiagnosis,KommanderCluster,KommanderProjectRole,KommanderWorkspaceRole,ProjectRole,Project,VirtualGroupClusterRoleBinding,VirtualGroupKommanderClusterRoleBinding,VirtualGroupKommanderProjectRoleBinding,VirtualGroupKommanderWorkspaceRoleBinding,VirtualGroupProjectRoleBinding,VirtualGroup,VirtualGroupWorkspaceRoleBinding,WorkspaceRole,Workspace,TunnelConnector,TunnelGateway,License"
security-role-perm-operator-svc,2,"MojaloopPermissionExclusions,MojaloopRole"
security-role-perm-operator-svc,2,"MojaloopPermissionExclusions,MojaloopRole"
litmus-core,2,"ChaosEngine,ChaosResult"
litmus-core,2,"ChaosEngine,ChaosResult"
hybridnet,8,"RemoteCluster,RemoteEndpointSlice,RemoteSubnet,RemoteVtep,IPInstance,Network,NodeInfo,Subnet"
hybridnet,8,"RemoteCluster,RemoteEndpointSlice,RemoteSubnet,RemoteVtep,IPInstance,Network,NodeInfo,Subnet"
backend,1,"Rule"
backend,1,"Rule"
flyte-deps,4,"DaskAutoscaler,DaskCluster,DaskJob,DaskWorkerGroup"
flyte-deps,4,"DaskAutoscaler,DaskCluster,DaskJob,DaskWorkerGroup"
starboard-operator,8,"CISKubeBenchReport,ClusterComplianceDetailReport,ClusterComplianceReport,ClusterConfigAuditReport,ClusterVulnerabilityReport,ConfigAuditReport,KubeHunterReport,VulnerabilityReport"
starboard-operator,8,"CISKubeBenchReport,ClusterComplianceDetailReport,ClusterComplianceReport,ClusterConfigAuditReport,ClusterVulnerabilityReport,ConfigAuditReport,KubeHunterReport,VulnerabilityReport"
contrail-analytics,32,"HelmRelease,Alert,PrometheusK8sCluster,MetricGroup,AnalyticDeployment,AuthService,ConsulResolver,DevPortal,Host,KubernetesEndpointResolver,KubernetesServiceResolver,Listener,LogService,Mapping,Module,RateLimitService,TCPMapping,TLSContext,TracingService,AdvancedCronJob,BroadcastJob,CloneSet,ContainerRecreateRequest,DaemonSet,ImagePullJob,NodeImage,ResourceDistribution,SidecarSet,StatefulSet,UnitedDeployment,WorkloadSpread,PodUnavailableBudget"
contrail-analytics,32,"HelmRelease,Alert,PrometheusK8sCluster,MetricGroup,AnalyticDeployment,AuthService,ConsulResolver,DevPortal,Host,KubernetesEndpointResolver,KubernetesServiceResolver,Listener,LogService,Mapping,Module,RateLimitService,TCPMapping,TLSContext,TracingService,AdvancedCronJob,BroadcastJob,CloneSet,ContainerRecreateRequest,DaemonSet,ImagePullJob,NodeImage,ResourceDistribution,SidecarSet,StatefulSet,UnitedDeployment,WorkloadSpread,PodUnavailableBudget"
inlets-operator,1,"Tunnel"
inlets-operator,1,"Tunnel"
appmesh-controller,7,"BackendGroup,GatewayRoute,Mesh,VirtualGateway,VirtualNode,VirtualRouter,VirtualService"
appmesh-controller,7,"BackendGroup,GatewayRoute,Mesh,VirtualGateway,VirtualNode,VirtualRouter,VirtualService"
openfaas,3,"JwtIssuer,Policy,Role"
openfaas,3,"JwtIssuer,Policy,Role"
ambassador,19,"Filter,FilterPolicy,AuthService,ConsulResolver,DevPortal,Host,KubernetesEndpointResolver,KubernetesServiceResolver,LogService,Mapping,Module,RateLimitService,TCPMapping,TLSContext,TracingService,Project,ProjectController,ProjectRevision,RateLimit"
ambassador,19,"Filter,FilterPolicy,AuthService,ConsulResolver,DevPortal,Host,KubernetesEndpointResolver,KubernetesServiceResolver,LogService,Mapping,Module,RateLimitService,TCPMapping,TLSContext,TracingService,Project,ProjectController,ProjectRevision,RateLimit"
forecastle,1,"ForecastleApp"
forecastle,1,"ForecastleApp"
dapr,5,"Component,Configuration,HTTPEndpoint,Resiliency,Subscription"
dapr,5,"Component,Configuration,HTTPEndpoint,Resiliency,Subscription"
operator-crds,16,"NameDateSuffix,UniqueId,Platform,BatchApplicationModel,BatchApplication,BatchPunchlineModel,BatchPunchline,Flinkline,Sparkline,SparkPunchlineModel,SparkPunchline,StreamApplication,StreamPunchline,Diagram,Plan,WorkloadPriorityQueue"
operator-crds,16,"NameDateSuffix,UniqueId,Platform,BatchApplicationModel,BatchApplication,BatchPunchlineModel,BatchPunchline,Flinkline,Sparkline,SparkPunchlineModel,SparkPunchline,StreamApplication,StreamPunchline,Diagram,Plan,WorkloadPriorityQueue"
uffizzi-controller,8,"ImageUpdateAutomation,ImagePolicy,ImageRepository,Kustomization,Alert,Provider,Receiver,OCIRepository"
uffizzi-controller,8,"ImageUpdateAutomation,ImagePolicy,ImageRepository,Kustomization,Alert,Provider,Receiver,OCIRepository"
minio-operator,1,"Tenant"
minio-operator,1,"Tenant"
winter-soldier,1,"Hibernator"
winter-soldier,1,"Hibernator"
step-issuer,2,"StepClusterIssuer,StepIssuer"
step-issuer,2,"StepClusterIssuer,StepIssuer"
kamaji,2,"DataStore,TenantControlPlane"
kamaji,2,"DataStore,TenantControlPlane"
kube-arangodb,1,"ArangoMember"
kube-arangodb,1,"ArangoMember"
trivy-operator,5,"ClusterInfraAssessmentReport,ClusterRbacAssessmentReport,ExposedSecretReport,InfraAssessmentReport,RbacAssessmentReport"
trivy-operator,5,"ClusterInfraAssessmentReport,ClusterRbacAssessmentReport,ExposedSecretReport,InfraAssessmentReport,RbacAssessmentReport"
service-binding-operator,4,"BindableKinds,ClusterWorkloadResourceMapping,ServiceBinding,ServiceBinding"
service-binding-operator,4,"BindableKinds,ClusterWorkloadResourceMapping,ServiceBinding,ServiceBinding"
imagepullsecrets,1,"ImagePullSecret"
imagepullsecrets,1,"ImagePullSecret"
kiae,7,"Build,Builder,ClusterBuilder,ClusterStack,ClusterStore,SourceResolver,Image"
kiae,7,"Build,Builder,ClusterBuilder,ClusterStack,ClusterStore,SourceResolver,Image"
stream,1,"Lease"
stream,1,"Lease"
aws-api-gateway-operator,1,"AWSAPIGateway"
aws-api-gateway-operator,1,"AWSAPIGateway"
moon2,5,"BrowserSet,Config,DeviceSet,License,Quota"
moon2,5,"BrowserSet,Config,DeviceSet,License,Quota"
cloudflare-tunnel-operator,1,"CloudflareTunnel"
cloudflare-tunnel-operator,1,"CloudflareTunnel"
ps-operator,3,"PerconaServerMySQLBackup,PerconaServerMySQLRestore,PerconaServerMySQL"
ps-operator,3,"PerconaServerMySQLBackup,PerconaServerMySQLRestore,PerconaServerMySQL"
silly-helm,1,"Silly"
silly-helm,1,"Silly"
k8sdb-controller,4,"MongoDBDatabase,MongoDBUser,PostgreSQLDatabase,PostgreSQLUser"
k8sdb-controller,4,"MongoDBDatabase,MongoDBUser,PostgreSQLDatabase,PostgreSQLUser"
chaosblade-operator,1,"ChaosBlade"
chaosblade-operator,1,"ChaosBlade"
ingressmonitorcontroller,1,"EndpointMonitor"
ingressmonitorcontroller,1,"EndpointMonitor"
flagger,3,"Canary,MetricTemplate,AlertProvider"
flagger,3,"Canary,MetricTemplate,AlertProvider"
galoy-deps,1,"KafkaNodePool"
galoy-deps,1,"KafkaNodePool"
k8skeycloak-controller,1,"KeycloakRealm"
k8skeycloak-controller,1,"KeycloakRealm"
k8soauth2-proxy-controller,1,"OAUTH2Proxy"
k8soauth2-proxy-controller,1,"OAUTH2Proxy"
k8sprom-patch-controller,1,"PrometheusPatchRule"
k8sprom-patch-controller,1,"PrometheusPatchRule"
hivemq-operator,1,"HiveMQCluster"
hivemq-operator,1,"HiveMQCluster"
gpu-operator,1,"ClusterPolicy"
gpu-operator,1,"ClusterPolicy"
postgres-with-operator,1,"Kubegres"
postgres-with-operator,1,"Kubegres"
k8svault-controller,2,"VaultBinding,VaultMirror"
k8svault-controller,2,"VaultBinding,VaultMirror"
meshery,2,"Broker,MeshSync"
meshery,2,"Broker,MeshSync"
daskhub,1,"DaskCluster"
horizon-issuer,2,"ClusterIssuer,Issuer"
horizon-issuer,2,"ClusterIssuer,Issuer"
daskhub,1,"DaskCluster"
karpenter,2,"AWSNodeTemplate,Provisioner"
karpenter,2,"AWSNodeTemplate,Provisioner"
frinx-machine,7,"ArangoJob,ArangoBackup,ArangoBackupPolicy,ArangoClusterSynchronization,ArangoDeployment,ArangoTask,ArangoDeploymentReplication"
frinx-machine,7,"ArangoJob,ArangoBackup,ArangoBackupPolicy,ArangoClusterSynchronization,ArangoDeployment,ArangoTask,ArangoDeploymentReplication"
istio-ratelimit-operator,5,"GlobalRateLimitConfig,GlobalRateLimit,RateLimitService,LocalRateLimitConfig,LocalRateLimit"
istio-ratelimit-operator,5,"GlobalRateLimitConfig,GlobalRateLimit,RateLimitService,LocalRateLimitConfig,LocalRateLimit"
aws-vpc-cni,1,"ENIConfig"
aws-vpc-cni,1,"ENIConfig"
sloth,1,"PrometheusServiceLevel"
sloth,1,"PrometheusServiceLevel"
devtron-operator,1,"Installer"
devtron-operator,1,"Installer"
aws-node-termination-handler-2,1,"Terminator"
aws-node-termination-handler-2,1,"Terminator"
ks-core,39,"ApplicationClass,ApplicationResource,Application,Rule,Webhook,Cluster,APIService,JSBundle,ReverseProxy,IngressClassScope,BuiltinRole,Category,ClusterRoleBinding,ClusterRole,GlobalRoleBinding,GlobalRole,GroupBinding,Group,LoginRecord,RoleBinding,Role,RoleTemplate,User,WorkspaceRoleBinding,WorkspaceRole,Category,Extension,ExtensionVersion,InstallPlan,Repository,ServiceAccount,Subscription,OAuthClient,ResourceQuota,ProvisionerCapability,StorageClassCapability,ClusterInfo,Workspace,WorkspaceTemplate"
ks-core,39,"ApplicationClass,ApplicationResource,Application,Rule,Webhook,Cluster,APIService,JSBundle,ReverseProxy,IngressClassScope,BuiltinRole,Category,ClusterRoleBinding,ClusterRole,GlobalRoleBinding,GlobalRole,GroupBinding,Group,LoginRecord,RoleBinding,Role,RoleTemplate,User,WorkspaceRoleBinding,WorkspaceRole,Category,Extension,ExtensionVersion,InstallPlan,Repository,ServiceAccount,Subscription,OAuthClient,ResourceQuota,ProvisionerCapability,StorageClassCapability,ClusterInfo,Workspace,WorkspaceTemplate"
capsule,4,"CapsuleConfiguration,GlobalTenantResource,Tenant,TenantResource"
capsule,4,"CapsuleConfiguration,GlobalTenantResource,Tenant,TenantResource"
mysql-operator,4,"InnoDBCluster,MySQLBackup,ClusterKopfPeering,KopfPeering"
mysql-operator,4,"InnoDBCluster,MySQLBackup,ClusterKopfPeering,KopfPeering"
aerospike-kubernetes-operator,1,"AerospikeCluster"
aerospike-kubernetes-operator,1,"AerospikeCluster"
kyverno-operator,1,"KyvernoOperator"
kyverno-operator,1,"KyvernoOperator"
kyverno-monitor,1,"KyvernoMonitor"
kyverno-monitor,1,"KyvernoMonitor"
clustersecret,1,"ClusterSecret"
clustersecret,1,"ClusterSecret"
fmtok8s-conference-chart,4,"GrafanaDashboard,GrafanaDataSource,GrafanaNotificationChannel,Grafana"
fmtok8s-conference-chart,4,"GrafanaDashboard,GrafanaDataSource,GrafanaNotificationChannel,Grafana"
registry-creds,1,"ClusterPullSecret"
registry-creds,1,"ClusterPullSecret"
psmdb-operator,3,"PerconaServerMongoDBBackup,PerconaServerMongoDBRestore,PerconaServerMongoDB"
psmdb-operator,3,"PerconaServerMongoDBBackup,PerconaServerMongoDBRestore,PerconaServerMongoDB"
frp-operator,2,"Client,Upstream"
frp-operator,2,"Client,Upstream"
connect,1,"OnePasswordItem"
connect,1,"OnePasswordItem"
pure-pso,1,"Intrusion"
pure-pso,1,"Intrusion"
operator,9,"CascadingRule,ClusterParseDefinition,ClusterScanCompletionHook,ClusterScanType,ParseDefinition,ScanCompletionHook,Scan,ScanType,ScheduledScan"
operator,9,"CascadingRule,ClusterParseDefinition,ClusterScanCompletionHook,ClusterScanType,ParseDefinition,ScanCompletionHook,Scan,ScanType,ScheduledScan"
operator,1,"Rookout"
operator,1,"Rookout"
ngrok-operator,1,"Ngrok"
ngrok-operator,1,"Ngrok"
config-connector-templater,2,"PubSubSubscriptionTemplate,PubSubTopicTemplate"
config-connector-templater,2,"PubSubSubscriptionTemplate,PubSubTopicTemplate"
crossplane-types,10,"CompositeResourceDefinition,Composition,Provider,ConfigurationRevision,Configuration,ProviderRevision,Provider,KubernetesApplicationResource,KubernetesApplication,KubernetesTarget"
crossplane-types,10,"CompositeResourceDefinition,Composition,Provider,ConfigurationRevision,Configuration,ProviderRevision,Provider,KubernetesApplicationResource,KubernetesApplication,KubernetesTarget"
capsule-proxy,1,"ProxySetting"
capsule-proxy,1,"ProxySetting"
fluent-operator,5,"Collector,Filter,FluentBitConfig,Output,Parser"
fluent-operator,5,"Collector,Filter,FluentBitConfig,Output,Parser"
triggers,4,"ClusterTriggerBinding,EventListener,TriggerBinding,TriggerTemplate"
triggers,4,"ClusterTriggerBinding,EventListener,TriggerBinding,TriggerTemplate"
tyk-operator,8,"ApiDefinition,APIDescription,OperatorContext,PortalAPICatalogue,PortalConfig,SecurityPolicy,SubGraph,SuperGraph"
tyk-operator,8,"ApiDefinition,APIDescription,OperatorContext,PortalAPICatalogue,PortalConfig,SecurityPolicy,SubGraph,SuperGraph"
k8s-object-syncer,1,"ObjectSync"
k8s-object-syncer,1,"ObjectSync"
k8stcpmap-controller,1,"TCPIngressMapping"
k8stcpmap-controller,1,"TCPIngressMapping"
bottlerocket-update-operator,1,"BottlerocketShadow"
bottlerocket-update-operator,1,"BottlerocketShadow"
backyards-operator,16,"Canary,ControlPlane,DemoApplication,IstioOperator,Istio,MeshGateway,Metadata,AlertmanagerConfig,Alertmanager,PodMonitor,Probe,Prometheus,PrometheusRule,ServiceMonitor,ThanosRuler,RemoteIstio"
backyards-operator,16,"Canary,ControlPlane,DemoApplication,IstioOperator,Istio,MeshGateway,Metadata,AlertmanagerConfig,Alertmanager,PodMonitor,Probe,Prometheus,PrometheusRule,ServiceMonitor,ThanosRuler,RemoteIstio"
jenkins-operator,1,"Jenkins"
jenkins-operator,1,"Jenkins"
dast-operator,1,"Dast"
dast-operator,1,"Dast"
k8sci,10,"ClusterTask,Condition,Pipeline,PipelineRun,PipelineResource,Run,Task,TaskRun,Trigger,Extension"
k8sci,10,"ClusterTask,Condition,Pipeline,PipelineRun,PipelineResource,Run,Task,TaskRun,Trigger,Extension"
mozalert-controller,1,"Check"
mozalert-controller,1,"Check"
trivy-operator,1,"SbomReport"
trivy-operator,1,"SbomReport"
oam-kubernetes-runtime,1,"ContainerizedWorkload"
oam-kubernetes-runtime,1,"ContainerizedWorkload"
datadog-operator,2,"DatadogAgent,DatadogMetric"
datadog-operator,2,"DatadogAgent,DatadogMetric"
elasticsearch-operator,3,"ApmServer,Elasticsearch,Kibana"
elasticsearch-operator,3,"ApmServer,Elasticsearch,Kibana"
medusa-operator,2,"CassandraBackup,CassandraRestore"
medusa-operator,2,"CassandraBackup,CassandraRestore"
newrelic-operator,5,"AlertChannel,AlertPolicy,Dashboard,Data,Monitor"
newrelic-operator,5,"AlertChannel,AlertPolicy,Dashboard,Data,Monitor"
knative-serving,4,"Configuration,Revision,Route,Service"
knative-serving,4,"Configuration,Revision,Route,Service"
awx-operator,3,"AWXBackup,AWXRestore,AWX"
awx-operator,3,"AWXBackup,AWXRestore,AWX"
legend,1,"GrafanaDashboard"
legend,1,"GrafanaDashboard"
thanos-operator,6,"ObjectStore,Receiver,StoreEndpoint,Thanos,ThanosEndpoint,ThanosPeer"
thanos-operator,6,"ObjectStore,Receiver,StoreEndpoint,Thanos,ThanosEndpoint,ThanosPeer"
knative,11,"ApiServerSource,Broker,Channel,ContainerSource,EventType,Parallel,PingSource,Sequence,SinkBinding,Subscription,Trigger"
knative,11,"ApiServerSource,Broker,Channel,ContainerSource,EventType,Parallel,PingSource,Sequence,SinkBinding,Subscription,Trigger"
pxc-operator,3,"PerconaXtraDBClusterBackup,PerconaXtraDBClusterRestore,PerconaXtraDBCluster"
pxc-operator,3,"PerconaXtraDBClusterBackup,PerconaXtraDBClusterRestore,PerconaXtraDBCluster"
gatekeeper,2,"Assign,AssignMetadata"
gatekeeper,2,"Assign,AssignMetadata"
pyrra,1,"ServiceLevelObjective"
pyrra,1,"ServiceLevelObjective"
kubefed,4,"DNSEndpoint,Domain,IngressDNSRecord,ServiceDNSRecord"
kubefed,4,"DNSEndpoint,Domain,IngressDNSRecord,ServiceDNSRecord"
rate-limit-operator,1,"RateLimit"
rate-limit-operator,1,"RateLimit"
vault-operator,1,"Vault"
vault-operator,1,"Vault"
webhookrelay-operator,1,"WebhookRelayForward"
webhookrelay-operator,1,"WebhookRelayForward"
kubeav,2,"ScheduledVirusScan,VirusScan"
kubeav,2,"ScheduledVirusScan,VirusScan"
kangal,1,"LoadTest"
kangal,1,"LoadTest"
pulsar-resources-operator,6,"PulsarConnection,PulsarGeoReplication,PulsarNamespace,PulsarPermission,PulsarTenant,PulsarTopic"
pulsar-resources-operator,6,"PulsarConnection,PulsarGeoReplication,PulsarNamespace,PulsarPermission,PulsarTenant,PulsarTopic"
theia,1,"RecommendedNetworkPolicy"
theia,1,"RecommendedNetworkPolicy"
k8ssandra-operator,13,"ClientConfig,K8ssandraCluster,K8ssandraTask,MedusaBackupJob,MedusaBackup,MedusaBackupSchedule,MedusaRestoreJob,MedusaTask,Reaper,ReplicatedSecret,Stargate,CassandraDatacenter,CassandraTask"
k8ssandra-operator,13,"ClientConfig,K8ssandraCluster,K8ssandraTask,MedusaBackupJob,MedusaBackup,MedusaBackupSchedule,MedusaRestoreJob,MedusaTask,Reaper,ReplicatedSecret,Stargate,CassandraDatacenter,CassandraTask"
istio-operator,4,"IstioControlPlane,PeerIstioControlPlane,IstioMesh,IstioMeshGateway"
istio-operator,4,"IstioControlPlane,PeerIstioControlPlane,IstioMesh,IstioMeshGateway"
pulsar-operator,4,"BookKeeperCluster,PulsarBroker,PulsarProxy,ZooKeeperCluster"
pulsar-operator,4,"BookKeeperCluster,PulsarBroker,PulsarProxy,ZooKeeperCluster"
armory-spinnaker-operator,2,"ArmoryAccount,SpinnakerService"
armory-spinnaker-operator,2,"ArmoryAccount,SpinnakerService"
hydra-maester,1,"OAuth2Client"
hydra-maester,1,"OAuth2Client"
k8s-aws-iam-controller,2,"TrustPolicyStatement,RoleUsagePolicy"
k8s-aws-iam-controller,2,"TrustPolicyStatement,RoleUsagePolicy"
nats-operator,2,"NatsCluster,NatsServiceRole"
nats-operator,2,"NatsCluster,NatsServiceRole"
kanister-operator,4,"ActionSet,Blueprint,Profile,RepositoryServer"
kanister-operator,4,"ActionSet,Blueprint,Profile,RepositoryServer"
netris-operator,24,"AllocationMeta,Allocation,BGPMeta,BGP,ControllerMeta,Controller,InventoryProfileMeta,InventoryProfile,L4LBMeta,L4LB,LinkMeta,Link,NatMeta,Nat,SiteMeta,Site,SoftgateMeta,Softgate,SubnetMeta,Subnet,Switch,SwitchMeta,VNetMeta,VNet"
netris-operator,24,"AllocationMeta,Allocation,BGPMeta,BGP,ControllerMeta,Controller,InventoryProfileMeta,InventoryProfile,L4LBMeta,L4LB,LinkMeta,Link,NatMeta,Nat,SiteMeta,Site,SoftgateMeta,Softgate,SubnetMeta,Subnet,Switch,SwitchMeta,VNetMeta,VNet"
kube-starrocks,1,"StarRocksCluster"
kube-starrocks,1,"StarRocksCluster"
rustrial-k8s-gitops-secrets-controller,2,"KeyEncryptionKeyPolicy,SealedSecret"
rustrial-k8s-gitops-secrets-controller,2,"KeyEncryptionKeyPolicy,SealedSecret"
kube-mail,2,"EmailPolicy,SMTPServer"
kube-mail,2,"EmailPolicy,SMTPServer"
aperture-agent,1,"Agent"
aperture-agent,1,"Agent"
harbor-operator,6,"InstanceChartRepository,Instance,Project,Registry,Replication,User"
harbor-operator,6,"InstanceChartRepository,Instance,Project,Registry,Replication,User"
brudi-operator,2,"Backup,Restore"
brudi-operator,2,"Backup,Restore"
redis-operator,2,"RedisCluster,Redis"
redis-operator,2,"RedisCluster,Redis"
integrated-service-operator,1,"ServiceInstance"
integrated-service-operator,1,"ServiceInstance"
argocd-operator,2,"ArgoCDExport,ArgoCD"
argocd-operator,2,"ArgoCDExport,ArgoCD"
redis-operator,1,"RedisFailover"
redis-operator,1,"RedisFailover"
aperture-controller,2,"Controller,Policy"
aperture-controller,2,"Controller,Policy"
camel-k,8,"Build,CamelCatalog,IntegrationKit,IntegrationPlatform,Integration,KameletBinding,Kamelet,Pipe"
camel-k,8,"Build,CamelCatalog,IntegrationKit,IntegrationPlatform,Integration,KameletBinding,Kamelet,Pipe"
rustrial-aws-eks-iam-auth-controller,1,"IAMIdentityMapping"
rustrial-aws-eks-iam-auth-controller,1,"IAMIdentityMapping"
kubernetes-secret-generator,3,"BasicAuth,SSHKeyPair,StringSecret"
kubernetes-secret-generator,3,"BasicAuth,SSHKeyPair,StringSecret"
external-secrets-operator,3,"ExternalBackend,ExternalConfigMap,ExternalSecret"
external-secrets-operator,3,"ExternalBackend,ExternalConfigMap,ExternalSecret"
one-eye,1,"Observer"
one-eye,1,"Observer"
gooddata-cn,2,"KopfPeering,Organization"
gooddata-cn,2,"KopfPeering,Organization"
vault-config-operator,26,"AuthEngineMount,DatabaseSecretEngineConfig,DatabaseSecretEngineRole,DatabaseSecretEngineStaticRole,GitHubSecretEngineConfig,GitHubSecretEngineRole,JWTOIDCAuthEngineConfig,JWTOIDCAuthEngineRole,KubernetesAuthEngineConfig,KubernetesAuthEngineRole,KubernetesSecretEngineConfig,KubernetesSecretEngineRole,LDAPAuthEngineConfig,LDAPAuthEngineGroup,PasswordPolicy,PKISecretEngineConfig,PKISecretEngineRole,Policy,QuaySecretEngineConfig,QuaySecretEngineRole,QuaySecretEngineStaticRole,RabbitMQSecretEngineConfig,RabbitMQSecretEngineRole,RandomSecret,SecretEngineMount,VaultSecret"
vault-config-operator,26,"AuthEngineMount,DatabaseSecretEngineConfig,DatabaseSecretEngineRole,DatabaseSecretEngineStaticRole,GitHubSecretEngineConfig,GitHubSecretEngineRole,JWTOIDCAuthEngineConfig,JWTOIDCAuthEngineRole,KubernetesAuthEngineConfig,KubernetesAuthEngineRole,KubernetesSecretEngineConfig,KubernetesSecretEngineRole,LDAPAuthEngineConfig,LDAPAuthEngineGroup,PasswordPolicy,PKISecretEngineConfig,PKISecretEngineRole,Policy,QuaySecretEngineConfig,QuaySecretEngineRole,QuaySecretEngineStaticRole,RabbitMQSecretEngineConfig,RabbitMQSecretEngineRole,RandomSecret,SecretEngineMount,VaultSecret"
gloo-mesh,22,"IstioInstallation,Destination,Workload,Mesh,KubernetesCluster,WasmDeployment,RateLimitClientConfig,RateLimitServerConfig,VirtualDestination,VirtualGateway,VirtualHost,RouteTable,ServiceDependency,CertificateVerification,TrafficPolicy,AccessPolicy,VirtualMesh,AccessLogRecord,Role,RoleBinding,Settings,Dashboard"
gloo-mesh,22,"IstioInstallation,Destination,Workload,Mesh,KubernetesCluster,WasmDeployment,RateLimitClientConfig,RateLimitServerConfig,VirtualDestination,VirtualGateway,VirtualHost,RouteTable,ServiceDependency,CertificateVerification,TrafficPolicy,AccessPolicy,VirtualMesh,AccessLogRecord,Role,RoleBinding,Settings,Dashboard"
kusk-gateway,3,"API,EnvoyFleet,StaticRoute"
kusk-gateway,3,"API,EnvoyFleet,StaticRoute"
postgres-controller,1,"PostgresDatabase"
postgres-controller,1,"PostgresDatabase"
gloo,14,"AuthConfig,Gateway,MatchableHttpGateway,MatchableTcpGateway,RouteOption,RouteTable,VirtualHostOption,VirtualService,Proxy,Settings,Upstream,UpstreamGroup,GraphQLApi,RateLimitConfig"
gloo,14,"AuthConfig,Gateway,MatchableHttpGateway,MatchableTcpGateway,RouteOption,RouteTable,VirtualHostOption,VirtualService,Proxy,Settings,Upstream,UpstreamGroup,GraphQLApi,RateLimitConfig"
grafana-operator,1,"GrafanaFolder"
grafana-operator,1,"GrafanaFolder"
nirmata-aws-adapter,1,"AWSConfig"
nirmata-aws-adapter,1,"AWSConfig"
scheduler-plugins,3,"ElasticQuota,PodGroup,NodeResourceTopology"
scheduler-plugins,3,"ElasticQuota,PodGroup,NodeResourceTopology"
vald-helm-operator,2,"ValdHelmOperatorRelease,ValdRelease"
vald-helm-operator,2,"ValdHelmOperatorRelease,ValdRelease"
kubeflow,8,"ScheduledWorkflow,Viewer,Notebook,PodDefault,Profile,Tensorboard,MPIJob,AuthCode"
kubeflow,8,"ScheduledWorkflow,Viewer,Notebook,PodDefault,Profile,Tensorboard,MPIJob,AuthCode"
